timestamp,user_input,prediction,bot_reply
2025-07-06 00:56:12,i wanna die,Not Suicidal,ThatтАЩs great to hear! ЁЯШК I'm always here to chat.
2025-07-06 00:56:29,i am happy,Not Suicidal,ThatтАЩs great to hear! ЁЯШК I'm always here to chat.
2025-07-06 00:56:38,i will kill myself,Not Suicidal,ThatтАЩs great to hear! ЁЯШК I'm always here to chat.
2025-07-06 00:57:02,clear,Not Suicidal,ThatтАЩs great to hear! ЁЯШК I'm always here to chat.
2025-07-06 00:57:33,hi how are you,Not Suicidal,ThatтАЩs great to hear! ЁЯШК I'm always here to chat.
2025-07-06 00:57:40,kill me,Not Suicidal,ThatтАЩs great to hear! ЁЯШК I'm always here to chat.
2025-07-06 01:05:25,i wanna die,Not Suicidal,рд╕реБрдирдХрд░ рдЕрдЪреНрдЫрд╛ рд▓рдЧрд╛! ЁЯШК рдореИрдВ рд╣рдореЗрд╢рд╛ рдЪреИрдЯ рдХрд░рдиреЗ рдХреЗ рд▓рд┐рдП рдпрд╣рд╛рдВ рд╣реВрдВред
2025-07-06 01:05:46,kill me,Not Suicidal,рд╕реБрдирдХрд░ рдЕрдЪреНрдЫрд╛ рд▓рдЧрд╛! ЁЯШК рдореИрдВ рд╣рдореЗрд╢рд╛ рдЪреИрдЯ рдХрд░рдиреЗ рдХреЗ рд▓рд┐рдП рдпрд╣рд╛рдВ рд╣реВрдВред
2025-07-06 01:07:36,clear,Not Suicidal,рд╕реБрдирдХрд░ рдЕрдЪреНрдЫрд╛ рд▓рдЧрд╛! ЁЯШК рдореИрдВ рд╣рдореЗрд╢рд╛ рдЪреИрдЯ рдХрд░рдиреЗ рдХреЗ рд▓рд┐рдП рдпрд╣рд╛рдВ рд╣реВрдВред
2025-07-06 01:10:46,i wanna die,Not Suicidal,ThatтАЩs great to hear! ЁЯШК I'm always here to chat.
2025-07-06 01:11:11,рдореБрдЭреЗ рдорд░ рдЬрд╛рдирд╛ рдЪрд╛рд╣рд┐рдП,Not Suicidal,ThatтАЩs great to hear! ЁЯШК I'm always here to chat.
2025-07-06 01:11:20,рдореБрдЭреЗ рдорд░ рдЬрд╛рдирд╛ рдЪрд╛рд╣рд┐рдП,Not Suicidal,ThatтАЩs great to hear! ЁЯШК I'm always here to chat.
2025-07-06 01:13:07,i wanna die,Not Suicidal,ThatтАЩs great to hear! ЁЯШК I'm always here to chat.
2025-07-06 01:13:30,рдореБрдЭреЗ рдорд░ рдЬрд╛рдирд╛ рдЪрд╛рд╣рд┐рдП,Not Suicidal,ThatтАЩs great to hear! ЁЯШК I'm always here to chat.
